"id","name","category","tone","intro","plot","cause","develop","turn","result","side","high"
"389","癫，都癫，癫点好啊",,,,,,,,,,
"390","谁让他修仙的",,,,,,,,,,
"391","被我始乱终弃的将军回朝了",,,,,,,,,,
"392","史上第一混乱",,,,,,,,,,
"512","修仙界第一留守儿童",,,,,,,,,,
"393","8.红楼梦-曹雪芹",,,,,,,,,,
"513","三寸人间",,,,,,,,,,
"517","造作时光",,,,,,,,,,
"519","疯癫公主：噶，都给噶了",,,,,,,,,,
"523","黑莲花攻略手册",,,,,,,,,,
"525","满门反派",,,,,,,,,,
"514","衰神小王爷的福运团宠妻",,,,,,,,,,
"515","桃花马上请长缨",,,,,,,,,,
"516","饥荒年，我囤货娇养了古代大将军",,,,,,,,,,
"518"," 苏信赵凌",,,,,,,,,,
"394","宠妾灭妻？这侯门主母我不当了",,,,,,,,,,
